,article,name,picture,tag,time,title,url
117,"Индийская компания GRSE заложила кили четвертого большого гидрографического судна SVL, а также второго и третьего противолодочных кораблей для мелководного фарватера (ASW-SWC), предназначенных для ВМС Индии, сообщает , (ЦАМТО).,«Соглашение на строительство восьми кораблей ASW-SWC МО Индии заключило с компанией GRSE 29 апреля 2019 года. Его стоимость составила 63,11 млрд. рупий (около $901,5 млн на день заключения). Днем позднее МО Индии заключило контракт на постройку 8 кораблей ASW-SWC с компанией Cochin Shipyard Limited», — пишет ЦАМТО.,Сообщается, что корабли ASW-SWC будут применяться для противолодочной борьбы в прибрежных водах, ведения разведки, постановки мин. Они также могут использоваться для поисково-спасательных операций и в конфликтах низкой интенсивности.,Ранее Индия , 12 патрульных катеров Вьетнаму. До этого ВМС Индии , к выводу из состава флота и списанию два боевых корабля советской постройки — INS Nishank и INS Akshay.,Корвет INS Nishank класса Veer был построен в 1989 году на Судостроительном заводе «Вымпел» в Рыбинске по проекту 1241 «Молния» и оставался последним кораблем этого проекта советской постройки на вооружении ВМС Индии — еще четыре были списаны в 2016–2018 годах. INS Akshay был построен на Ярославском судостроительном заводе в 1990 году по проекту малого противолодочного корабля 21412. В отличие от корвета вооружен реактивным бомбометом РБУ-1200 «Уран», предназначенным для уничтожения подводных лодок.",gazeta-ru,https://img.gazeta.ru/files3/959/12014959/Depositphotos_25475973_l-2015-pic905-895x505-37136.jpg,army,2022-06-23 15:46:22,Индия заложила два противолодочных корабля и исследовательское судно ,https://www.gazeta.ru/army/news/2022/06/23/17992214.shtml>
138,"
Очень серьезно задумался Дуда, что не мудрено — провести грамотную атаку сейчас сходу будет непросто.,
Конь е5 от Яна!,
К агрессивным действиям постепенно переходит Непомнящий, двигая свои пешки вперед.,
Ставит после небольших раздумий поляк коня на d7 — будет насыщать он центр доски. А Ян, видимо, будет стараться пробивать оборону черных через фланги.,
Вынужден Дуда двигать слона на левый край, наполняется доска в четвертом квадрате различными фигурами.,
Пешкой на d5 отвечает Дуда, а Ян оголяет поле g, выдвигая на третью клетку пешку!,
, Конь на f3 ставит Непомнящий, Дуда совершенно не ожидал подобного!,
Ян начинает сегодня белыми фигурами.,
",gazeta-ru,https://img.gazeta.ru/files3/301/14250301/upload-20190716_gaf_u56_889-pic_32ratio_900x600-900x600-74936.jpg,sport,2022-06-23 15:46:38,Остаться первым: Непомнящий играет с Дудой на турнире претендентов. LIVE ,https://www.gazeta.ru/sport/2022/06/23/15024812.shtml>
294,"  Владимир Путин   на XIV саммите БРИКС, темой которого стало ""Укрепление высококачественного партнерства БРИКС, вступающего в новую эру глобального развития"". На встрече председательствует  , который представил  , также в заседании приняли участие лидеры остальных стран объединения: президент    , премьер-министр    , президент   Сирил Рамафоза. В своем выступлении Путин подчеркнул, что тема саммита этого года особо актуальна, так как транснациональный характер вызовов, стоящих перед мировым сообществом, требует поиска коллективных ответов. Российский лидер напомнил, что государства — члены ""пятерки"" обладают огромным политическим, экономическим, научно-технологическим и людским потенциалом, чтобы совместно эффективно работать над обеспечением международной безопасности, стабильности и устойчивого развития. По его словам, сейчас лидерство стран   в формировании многополярного мира, основанного на международном праве, востребовано как никогда. В заключение Путин подчеркнул, что   готова и далее развивать ""тесное многоплановое взаимодействие"" со всеми участниками БРИКС и вносить свой вклад в повышение роли объединения в международных делах.",ria-ru,https://cdnn21.img.ria.ru/images/07e6/06/17/1797614658_0:7:3090:1745_1920x0_80_0_0_e769c608c764c297ad48a0d06c3b3990.jpg,"В мире,Си Цзиньпин,Жаир Болсонару,Нарендра Моди,Китай,Бразилия,Индия,БРИКС",2022-06-23 15:47:00,Путин выступил на саммите БРИКС,https://ria.ru/20220623/brics-1797602081.html
76,"Заммэра Ракова: москвичи активно получают в коммерческих аптеках льготные лекарства В начале 2022 года у жителей   появилась возможность получить льготные лекарства по электронным рецептам не только в городских, но и в коммерческих аптеках с доплатой. При этом горожане теперь могут выбрать препарат конкретного производителя и доплатить лишь разницу в цене. Как рассказала заммэра столицы  , новый способ стал популярен у москвичей — 30 процентов электронных рецептов в рамках проекта клиенты аптек получили именно так. Для того чтобы стать участниками системы льготного лекарственного обеспечения, аптеке необходимо иметь действующую лицензию на осуществление фармацевтической деятельности в Москве и подключиться к Единой медицинской информационно-аналитической системе. Кроме того, у организации не должно быть проблем с законом, в частности — проверок, проводимых за нарушение действующего законодательства, административных либо уголовных дел и процедур банкротства. Желающие стать частью проекта аптеки должны ежедневно обеспечивать наличие препаратов и передавать сведения об их наличии и реализации в рамках обслуживания электронных рецептов в систему ЕМИАС. Компенсация стоимости лекарств, отпущенных по льготным рецептам, для аптек осуществляется за счет средств городского бюджета. Полный список частных аптек, в которых можно бесплатно получить лекарства по льготному рецепту, доступен на   Департамента здравоохранения города Москвы, в электронной медкарте в разделе «Мои рецепты» на портале mos.ru и в мобильном приложении «ЕМИАС.ИНФО», а также в информационном киоске поликлиники. Генеральный директор аптечной сети «36,6»   рассказал, что его компания присоединилась к проекту легко, а покупатели рады возможности выбора в ставших доступными аптеках. «Главная цель нашего участия — социальная поддержка граждан, возможность оказать помощь. Благодаря проекту москвичи могут получить лекарство в аптеке как совершенно бесплатно — согласно выданному электронному рецепту, так и выбрать конкретный препарат, и забрать его, доплатив разницу в цене», — отметил он. Как добавили в соцкомплексе, Москва на протяжении десяти лет занимается цифровизацией системы здравоохранения. На данный момент основой этого процесса является единая цифровая платформа, которая обеспечивает персонифицированное ведение каждого пациента на всех этапах — от постановки диагноза, лечения и до последующего наблюдения. Все протоколы и изображения, сделанные сервисом искусственного интеллекта, также добавляются в электронную медицинскую карту, доступную на портале mos.ru и в мобильном приложении «ЕМИАС.ИНФО».",lenta-ru,https://icdn.lenta.ru/images/2022/06/23/12/20220623122804121/owl_detail_240_e4531ef3c0b8162df7e71fca1eac5802.jpeg,Россия,2022-06-23 15:47:00,Новый способ получения льготы стал популярен у москвичей,https://lenta.ru/news/2022/06/23/apteki/>
144,"Мертвого хамелеона нашла россиянка в пачке с овощной смесью. О случившемся рассказала в своем , блогер Алеся Стародубова.,В посте был скриншот с фотографией рептилии. В комментариях подписчики отреагировали негативно: «Боже мой», «Вот это экзотика. Бедный…», «После такого овощи боязно покупать будет».,Одна из подписчиц также рассказала о своих неожиданных находках в продуктах. «В банке с консервированным горошком попался колорадский жук. В пакете сухого лаврового листа нашла плоского сухого богомола», — написала женщина.,Ранее в Роскачестве , продукты, чаще всего содержащие в себе следы пестицидов.",gazeta-ru,https://img.gazeta.ru/files3/419/14216419/upload-09-pic_32ratio_900x600-900x600-90994.jpg,social,2022-06-23 15:47:12,Россиянке попался замороженный хамелеон в упаковке замороженной овощной смеси ,https://www.gazeta.ru/social/news/2022/06/23/17992196.shtml>
147,"Таежная отшельница , написала письмо президенту России Владимиру , с просьбой навестить ее. Об этом сообщает , со ссылкой на предстоятеля Русской православной старообрядческой церкви (РПСЦ) митрополита Московского и всея Руси Корнилия.,«Совсем недавно у нее были, дом освятили, который построили.  Она очень радушно нас принимает, молится о нас, вот даже ожидает приезд президента. Она за него молится, даже письмо ему написала — может, получится [приехать]», — сказал он.,По словам митрополита, 78-летняя Лыкова являет «образец святости» и не перестает принимать посетителей, в том числе молодых людей, которые узнают от нее о староверах.,Агафья Лыкова — единственная оставшаяся в живых представительница семьи староверов, которых геологи нашли в 1978 году в Западных Саянах.,Осенью прошлого года в доме отшельницы в Хакасском заповеднике ,, сама Лыкова не пострадала.",gazeta-ru,https://img.gazeta.ru/files3/39/12091039/RIAN_3314205.HR-pic_32ratio_900x600-900x600-98520.jpg,social,2022-06-23 15:47:42,Отшельница Агафья Лыкова обратилась к Путину ,https://www.gazeta.ru/social/news/2022/06/23/17992118.shtml>
129,"Первый официальный портрет герцога и герцогини Кембриджских был представлен в Великобритании. Об этом сообщает ,.,В музее Фицуильяма в Кембридже был представлен первый официальный портрет , и , авторства художника Джейми Коре. Герцогиня Кембриджская изображена в изумрудном платье The Vampire's Wife, креативным директором которого выступает жена певца Ника Кейва — Сьюзи Бик. Монаршая особа впервые «выгуляла» его во время турне по Ирландии в марте 2020 года.,Образ дополнили туфли Manolo Blahnik и несколько семейных реликвий — жемчужная брошь королевы Великобритании ,, а также серьги и браслет принцессы ,.,Ранее «Газета.Ru» , о том, что князь Монако Альбер II приобнял княгиню Шарлен во время нового выхода в свет.",gazeta-ru,https://img.gazeta.ru/files3/336/15029336/portr-pic_32ratio_900x600-900x600-4897.jpg,style,2022-06-23 15:47:44,В Великобритании представили первый официальный портрет Кейт Миддлтон и принца Уильяма ,https://www.gazeta.ru/style/news/2022/06/23/17991998.shtml>
80,"Лидер правящей в Италии партии «Лига» Сальвини выступил против поставок оружия Киеву Лидер правящей в Италии партии «Лига» Маттео Сальвини выступил против новых поставок оружия  . Об этом   радиостанция RTL. «Помочь Украине защититься было целью всего мира с первой минуты (конфликта). Мы находимся на четвертом месяце войны, теперь уже большая часть стран мира и подавляющее большинство итальянцев считают, что говорить следует дипломатии, что самым сильным оружием вновь становится диалог… Поставки оружия до последнего — это, конечно, не решение проблемы», — сказал политик. По словам Сальвини, продолжение конфликта на Украине станет катастрофой для пострадавших в ходе боевых действий беженцев и итальянских рабочих. «Тот, кто говорит о войне и оружии, ставит под угрозу сотни тысяч рабочих мест в Италии», — подчеркнул он. Ранее итальянский сенат   резолюцию по украинскому кризису. Вопрос поставок вооружений Украине отражен в тексте резолюции в «формулировке о широком вовлечении парламента» в одобрение новых военных поставок. Документ одобрили 219 голосами за при 20 против и 22 воздержавшихся.",lenta-ru,https://icdn.lenta.ru/images/2022/06/23/15/20220623154412969/owl_detail_240_8c67c797aa9cb93963d9192f76ee20a2.jpg,Мир,2022-06-23 15:50:00,В Италии выступили против поставок оружия Киеву,https://lenta.ru/news/2022/06/23/italy_/>
130,"Чтобы избежать негативной реакции организма на гормональные контрацептивы, женщины не должны принимать их без назначения врача. Об этом «Газете.Ru» сообщила акушер-гинеколог «СМ-Клиники» Виктория Фисюк.,«Очень опасны кратковременные контрацептивы, применяемые экстренно. Их так и называют – «средства экстренной контрацепции». Нужно понимать, что они агрессивно действуют на организм: одна таблетка полностью меняет гормональный фон, готовность организма к беременности в противоположную сторону», — предупредила гинеколог.,Как добавила врач, гормональные контрацептивы противопоказаны женщинам, у которых есть склонность к тромбозам или пациенткам, которые страдают мигренями.,«При многих онкологических заболеваниях гормональные контрацептивы будут являться противопоказанием, поскольку существуют так называемые гормонозависимые опухоли, при лечении которых используется гормональная терапия, которая может не сочетаться с гормональными контрацептивами», — объяснила врач.,Перед тем, как принимать гормональные препараты, нужно посетить профильного специалиста и пройти обследования. Гинеколог назначит препарат, исходя из индивидуальных особенностей организма женщины.,Ранее , о четырех продуктах для женского здоровья.",gazeta-ru,https://img.gazeta.ru/files3/972/14987972/pexels-photo-4047182-pic_32ratio_900x600-900x600-73572.jpg,family,2022-06-23 15:50:36,"Врач рассказала, кому опасно принимать гормональные контрацептивы ",https://www.gazeta.ru/family/news/2022/06/23/17991980.shtml>
81,"Роскачество: доля фальсификата в российском мороженом составила 18 процентов Эксперты Роскачества проверили рынок российского пломбира и сделали вывод, что качество продукта в целом стало гораздо хуже по сравнению с прошлыми годами. Об этом говорят материалы исследования,   на сайте организации. Оценить удалось более 70 процентов рынка, доля фальсификата среди этого объема достигла 18 процентов. Число случаев обнаружения кишечной палочки оказалось в шесть раз больше, чем в 2018 году, когда проводилось первое исследование. Помимо снижения уровня контроля, производители обманывают покупателей относительно содержания белка в пломбире. Такое обстоятельство говорит о замене части сырья на дешевые компоненты. Замечания по вкусу, запаху и цвету возникли к большинству исследованных образцов. Лучшим пломбиром, который выпускают в России, названа марка «Свiтлогорье», остальные продукты полученный ранее знак качества не подтвердили. Также в первую тройку попали Movenpick и «Гроспирон». Внизу рейтинга расположились «Вологодский пломбир», «Городецкий», «ГОСТОВский», «Как раньше», «Лента», «Мариайс», «Маруся», «Пломбир на сливках» и «Филевский стаканчик». Все они получили ноль баллов из-за критических нарушений.",lenta-ru,https://icdn.lenta.ru/images/2022/06/23/15/20220623152246383/owl_detail_240_74827147019822a90169d1b166beab7b.jpg,Экономика,2022-06-23 15:51:00,Российский пломбир стал гораздо хуже,https://lenta.ru/news/2022/06/23/plombir/>
246,"  Союзные силы в последние несколько часов взяли населенный пункт Золотое-2 в ЛНР,   подполковник Народной милиции республики Андрей Марочко. Об освобождении Золотого-3 и Золотого-4 Марочко сообщил сегодня утром. Накануне луганские силовики уточняли, что группировка противника в Горском и Золотом оказалась в ""полном окружении"", а   и промзона   — в ""оперативном окружении"". По данным посла   в    , в Лисичанске находятся около пяти-семи тысяч украинских военных. Кроме того, подразделения республики подошли к Лисичанскому нефтеперерабатывающему заводу, который располагается к юго-западу от города. Россия с 24 февраля проводит спецоперацию по денацификации и демилитаризации  . Как подчеркнул президент  , ее цель заключается в ""защите людей, которые на протяжении восьми лет подвергаются издевательствам, геноциду со стороны киевского режима"".",ria-ru,https://cdnn21.img.ria.ru/images/07e6/06/14/1796803273_0:122:3122:1878_1920x0_80_0_0_9d2dbfdcb7f9b35bcf23e0dcabfaa192.jpg,"Специальная военная операция на Украине,В мире,Луганская Народная Республика,Андрей Марочко,Владимир Путин,Лисичанск,Северодонецк,Россия",2022-06-23 15:51:00,Союзные силы освободили Золотое-2 в ЛНР,https://ria.ru/20220623/donbass-1797604030.html
137,"Российский боксер , заявил, что не сможет выйти на ринг вместе с фигуристкой Алиной Загитовой.,Загитова и Батыргазиев должны были выступить в формате шоу-поединка по боксу 25 июня в «Лужниках» в рамках Дня Московского спорта, организованного Департаментом спорта Москвы.,«К сожалению, из-за старой травмы, побеспокоившей меня в последнем бою, я действительно не смогу участвовать в открытой тренировке с Алиной Загитовой. Идея была великолепна, но травма не дает мне возможности участвовать», — приводит слова боксера ,.,Ранее сообщалось, вместо Альберта Батыргазиева соперником Алины Загитовой в показательном боксерском спарринге , двукратный олимпийский чемпион по боксу ,.,Фигуристка уже несколько недель тренируется в ринге и работает над техникой, о чем стало известно в ее социальных сетях.,Загитова — олимпийская чемпионка (одиночное катание) и серебряный призер (командный турнир) Олимпийских игр — 2018. Также в активе спортсменки золото чемпионата мира — 2019, золото и серебро европейских первенств в 2018 и 2019 годах.",gazeta-ru,https://img.gazeta.ru/files3/224/13809224/RIAN_6407890.HR-pic_32ratio_900x600-900x600-37131.jpg,sport,2022-06-23 15:51:04,"Олимпийский чемпион объяснил, почему отказался выйти на ринг с Загитовой ",https://www.gazeta.ru/sport/news/2022/06/23/17992220.shtml>
131,"Обозреватель , Эндрю Тенненборн назвал внесение Украины в список стран-кандидатов на вступление в Евросоюз «пиар-ходом Брюсселя» и «бутафорией».,«Албания, Северная Македония, Черногория, Сербия и Турция являются действующими кандидатами в списке на вступление в ЕС. Все уважаемые нации, но не стоит ожидать, что кто-то из них быстро вступит в альянс. Официальное включение Украины в этот список больше похоже на пиар-маневр со стороны Брюсселя, который отчаянно пытается продемонстрировать свою поддержку благому делу, чем на серьезную приверженность чему-то гораздо большему», — пишет Тенненборн.,Также автор указал на разногласия внутри блока. В частности на то, что, по некоторым сообщениям, Португалия, Нидерланды и Дания не горят желанием принять Украину в ЕС. При этом, как пишет Тенненборн, Финляндия заявляет о необходимости проведения масштабных реформ. В свою очередь Бельгия указала на то, что Киеву потребуется много времени, чтобы вступить в Евросоюз.,Ранее депутаты , , резолюцию, в которой потребовали «безотлагательно предоставить» статус кандидатов на вступление в Евросоюз Украине и Молдавии.",gazeta-ru,https://img.gazeta.ru/files3/740/15015740/AP100109525803-pic_32ratio_900x600-900x600-40524.jpg,politics,2022-06-23 15:52:14,The Spectator назвал бутафорией солидарность ЕС с Украиной ,https://www.gazeta.ru/politics/news/2022/06/23/17992178.shtml>
82,"Экс-президент Молдавии Додон назвал сумасшедшим домом введение в республике режима ЧП Экс-президент Молдавии  , находящийся по домашним арестом, назвал цель продления режима чрезвычайного положения (ЧП) в республике. По его мнению, таким образом власти пытаются что-то скрыть. Его цитирует  . «Режим ЧП так часто возможен только в сумасшедшем доме. Как можно так часто его вводить?» — заявил Додон. Бывший глава государства также обратился к правящей партии. «У вас парламентское большинство, есть 63 депутата, вы можете собраться в любой момент хоть в кабинете у [президента] Майи Санду, вы можете проводить заседания как положено, а режим ЧП вводят, чтобы что-то скрыть», — сказал он. По мнению Додона, властям страны придется ответить за все принятые во время режима ЧП решения и «разбазаривание бюджета». Ранее стало известно, что парламент Молдавии   решение продлить режим чрезвычайного положения в стране на 45 дней с 24 июня. По мнению властей, в республике сохраняются «риски энергетической безопасности, безопасности границ, необходимость дальнейшего управления потоками беженцев из Украины».",lenta-ru,https://icdn.lenta.ru/images/2022/06/23/15/20220623155009347/owl_detail_240_6d3be4ada01d274ec63f86f2a5e6819f.jpg,Бывший СССР,2022-06-23 15:53:00,Додон назвал цель введения в Молдавии режима ЧП,https://lenta.ru/news/2022/06/23/dodon_durdom/>
145,"Министр предпринимательства, энергетики и промышленной стратегии Великобритании Квази Квартенг заявил, что страна снизила объемы импорта газа из России на 75% по сравнению с 2021 годом. Сообщение об этом пресс-служба британского правительства ,на своем сайте.,«В Великобритании мы уже сократили импорт российского газа на 75% по сравнению с аналогичным периодом прошлого года», — сказал Квартенг, выступая на конференции Second Century London Conference.,При этом министр отметил, что долю импорта российской нефти королевство снизило в два раза.,Квартенг также сказал, что Великобритания на сегодняшний день уязвима перед газовыми рынками, которые она не в состоянии контролировать.,Глава министерства предпринимательства, энергетики и промышленной стратегии добавил, что к концу 2022 года Великобритания полностью откажется от российских энергоносителей.,Ранее 22 июня пресс-служба Бюро национальной статистики страны (Office for National Statistics) ,, что годовая инфляция в Британии в мае 2022 года достигла 9,1%, побив рекорд 40-летней давности.",gazeta-ru,https://img.gazeta.ru/files3/936/13445936/20191001_zaa_s197_096-pic_32ratio_900x600-900x600-23841.jpg,business,2022-06-23 15:53:20,Великобритания сократила объем импорта газа из России на 75% ,https://www.gazeta.ru/business/news/2022/06/23/17992292.shtml>
132,"Россия решительно требует от США пресечь деятельность по открытой вербовке наемников, которую ведет посольство Украины на территории Соединенных Штатов, это может привести к непредсказуемым и тяжелым международным последствиям. Об этом заявила официальный представитель Министерства иностранных дел России ,, ее слова приводятся на , ведомства.,По данным ,, при попустительстве со стороны Белого дома и спецслужб США американские граждане вербуются и переправляются на Украину и в Донбасс для участия в боевых действиях на стороне украинских Вооруженных сил.,Захарова подчеркнула, что деятельность украинского посольства по открытой вербовке противоречит Венской конвенции о дипломатических сношениях 1961 года. По ее словам, лишь американские СМИ сообщают о том, что после начала специальной военной операции России на Украине воевать на стороне Киева выразили готовность около 20 тысяч американских граждан, а диппредставительство Украины официально зарегистрировало более 6 тысяч заявок.,«Расцениваем потворство официальных властей США подобной деятельности как очередное доказательство того, что Вашингтон не заинтересован в урегулировании украинского кризиса, а напротив — стремится подпитывать конфликт, нацеливаясь на стратегическое поражение России», — заявила представитель МИД РФ.,Ранее ,, что приговоренные в ДНР к смертной казни наемники готовятся подать прошения о помиловании.",gazeta-ru,https://img.gazeta.ru/files3/387/13060387/RIAN_6227720.HR-pic905-895x505-78433.jpg,army,2022-06-23 15:54:30,МИД РФ: Москва требует от Вашингтона пресечь деятельность по вербовке наемников для ВСУ ,https://www.gazeta.ru/army/news/2022/06/23/17992154.shtml>
134,"Для Александры Трусовой 18-й год жизни обещал стать, возможно, самым важным в спортивной карьере: ей предстояло выступить на Олимпиаде. К главному старту четырехлетия она подошла, имея за плечами ряд призовых мест на взрослом уровне, включая медали на этапах Гран-при, чемпионате Европы и мира.,Но ей предстояло конкурировать с соотечественницами Камилой Валиевой и ,. В командном первенстве Трусовой не дали возможность побороться за награду, поставив в состав на обе программы Валиеву, и вся надежда у Русской Ракеты была на личное первенство.,Болельщики же гадали, сколько четверных прыжков она сумеет исполнить чисто. Трусова постоянно заявляла большое количество квадов, но ни разу не выполнила все безошибочно. Исключение — открытые прокаты ,, где спортсменка приземлила пять четверных прыжков, однако это не являлось официальным турниром.,Более драматичной развязки в итоге вряд ли было возможно представить. Валиева, не выдержав прессинга общественности на фоне известия о положительной допинг-пробе, выступила неудачно и стала лишь четвертой, ну а Трусова…,Вот только олимпийской чемпионкой она так и не стала. Хотя именно эти феноменальные пять квадов должны были стать золотой кульминацией долгой и жесткой работы над собой. Но беда Трусовой оказалась в том, что Щербакова тогда не допустила ни одной ошибки и за счет больших бонусов за каждый технический элемент и более высоко оценки за компоненты (артистизм, скольжение т.д.) заняла первое место. Была ли она на самом деле сильнее Трусовой? Едва ли хоть один российский болельщик смог бы объективно ответить на этот вопрос. Оставалось лишь принять как данность: золото Олимпиады завоевала Шербакова, а Александре досталось серебро.,Что было дальше, все прекрасно помнят: в объективы телекамер перед церемонией награждения попала истерика Трусовой — и кто бы мог ее осудить?,Тогда она в сердцах заявила, что «ненавидит этот спорт» и не видит смысла продолжать выступления.,Конечно, эти слова были продиктованы эмоциями, и все же в сердца поклонников фигурного катания закралась тревога: неужели это сломает Сашу и она правда уйдет?,Пока спортсменка не торопится с заявлениями о завершении карьеры. Трехкратная олимпийская чемпионка Ирина ,, поздравляя Трусову с днем рождения, отметила важность выводов, которые спортсменка должна была сделать после Игр.,«Я поздравляю ее с днем рождения. Она большая стала, волосы длинные.,— сказала Роднина «Газете.Ru».,Судя по всему, Трусова попытается зайти на еще один олимпийский цикл. Вероятность этого серьезно повышают и изменения, которые принял конгресс Международного союза конькобежцев (ISU), — речь о возрастном цензе. Если в предстоящем сезоне возрастные нормы останутся без изменений, то с сезона-2023/24 выступать на взрослом уровне спортсмены смогут с 16 лет, а еще год спустя — с 17.,Таким образом, к Олимпиаде-2026 мировое фигурное катание подойдет в совсем ином виде: 15-летние звездочки не смогут выходить на лед и размазывать по нему более взрослых соперниц, как это делала, например, ,. А значит, изменится и уровень конкуренции. Эксперты неоднократно подмечали, что в юном возрасте для женского организма каждый год имеет большое значение, и физические различия между 15-летней и 17-летней спортсменкой существенны. Повзрослевшая Трусова с ее набором четверных прыжков по-прежнему сможет задать фору соперницам.,Возвращаясь к Трусовой, нельзя не заметить, что время после Олимпиады она проводила, не становясь затворницей, как могла бы поступить иная спортсменка, получившая такой психологический удар.,Кондратюк находился рядом с Трусовой и в тот момент, когда она решилась на нечто, принципиально отличающееся от ее привычного амплуа: приняла участие в московской Неделе легкой атлетики, где выступила в соревнованиях по прыжкам в длину, и ее результат пошел в зачет. Хотя, надо признать, ее лучший показатель — 4,19 метра — далек от цифр, с которыми Трусова могла бы конкурировать с профессиональными прыгуньями. Но конкуренция — это последнее, что могло бы подтолкнуть знаменитую фигуристку к такому шагу.,«Она медийная персона и решила поддержать российскую легкую атлетику. Тем более ей нравится прыгать, — рассказала в , «Газете.Ru» глава Всероссийской федерации легкой атлетики (ВФЛА) ,. — Она никогда не занималась прыжками в длину и не пробовала. Вся специфика прыжков в фигурном катании подразумевает совсем другое отталкивание, плюс еще и обороты есть.,И я очень ей благодарна, потому что она привлекла внимание большого количества поклонников фигурного катания, которые стали смотреть легкую атлетику».,Также Трусова неожиданно попробовала себя в стрип-пластике, показав танец в стиле фрейм-ап стрип.,О дальнейших перспективах Трусовой пока говорить сложно. Но, общаясь с журналистами после легкоатлетического старта, фигуристка подчеркнула, что тренируется и готовится к новому сезону.",gazeta-ru,https://img.gazeta.ru/files3/98/14835098/280267124_708807520367013_7533778604013756853_n-pic_32ratio_900x600-900x600-27037.jpg,sport,2022-06-23 15:55:40,"Сексуальный танец, роман с чемпионом и истерика на Играх: с чем Трусова встретила совершеннолетие ",https://www.gazeta.ru/sport/2022/06/23/15029282.shtml>
83,"Минобороны Тайваня заявило о 22 самолетах армии КНР в опознавательной зоне ПВО острова В Министерстве обороны Тайваня заявили, что 22 военных самолета Китая вошли в опознавательную зону ПВО острова. Такое сообщение ведомства в четверг, 23 июня, передает  . По данным оборонного ведомства Тайваня, в этой зоне оказались самолеты Народно-освободительной армии Китая (НОАК). В небе над островом были идентифицированы такие боевые машины, как противолодочные, а также радиоэлектронной борьбы Y-8, самолеты KJ-500, стратегические бомбардировщики H-6. Помимо этого, среди самолетов заметили по меньшей мере десять истребителей J-16 и пять истребителей-бомбардировщиков JH-7. 22 июня также  , что вблизи берегов Тайваня разбился военный вертолет S-70 тайваньских военно-морских сил (ВМС). Уточнялось, что боевая машина принимала участие в учениях в районе тайваньской военно-морской базы Цзоин в городе Гаосюн на юго-западной стороне острова. 21 июня в оборонном ведомстве Тайваня  , что 29 военных самолетов НОАК вошли в опознавательную зону ПВО острова. В тот момент были замечены в операции истребители, стратегические бомбардировщики, а также противолодочные самолеты. Ранее аналитики CNN  , что Китай способен захватить Тайвань при попытке силового решения вопроса неподконтрольного острова, однако даже возможный успех достанется ему дорогой ценой. Китай превосходит Тайвань по многим аспектам. Таким образом, если в КНР полны решимости захватить остров, то, вероятно, страна сможет это сделать, но захват произойдет чрезвычайно «кровавой» ценой для Пекина, заключили в статье.",lenta-ru,https://icdn.lenta.ru/images/2022/06/23/15/20220623155801647/owl_detail_240_5ed6a652fefc83c59d3e6532ddfb7e0b.jpg,Мир,2022-06-23 15:57:00,22 самолета Китая вошли в опознавательную зону ПВО Тайваня,https://lenta.ru/news/2022/06/23/sam_taivan/>
84,"Министром спорта Чечни назначили тренера детей главы республики Кадырова Валида Эдилова Министром по физической культуре и спорту   стал  . О его назначении   на официальном сайте главы республики. Ранее Эдилов три месяца занимал пост руководителя секретариата главы Чечни  . Кадыров описал его как «человека с богатым опытом работы в спортивном направлении», а также отметил популярность министра среди спортсменов. По   издания «Кавказ.Реалии» ( ), Эдилов тренировал детей Кадырова. Его брат, бывший боец спортивного клуба «Ахмат»,   также обучал детей главы Чечни единоборствам, а позже занял пост заместителя премьер-министра республики — он курирует молодежную политику, спорт и контроль за расходованием бюджетных средств. Пост министра по физической культуре, спорту и молодежной политике в республике   двоюродный брат главы Чечни Рамзана Кадырова Турпал-Али Ибрагимов. До него эту должность занимал другой родственник Кадырова — его племянник, 24-летний Хамзат Кадыров. Кадыров неоднократно назначал своих родственников и приближенных на руководящие должности в регионе. В феврале стало известно, что дочь Рамзана Кадырова Хутмат   должность в секретариате руководителя региона. Старшая дочь главы Чечни   в 22 года   республиканское министерство культуры.",lenta-ru,https://icdn.lenta.ru/images/2022/06/23/15/20220623153616755/owl_detail_240_38cda665ddcc6eec375dfa7e46b8d81f.jpg,Россия,2022-06-23 15:57:00,Тренер детей Кадырова стал министром спорта Чечни,https://lenta.ru/news/2022/06/23/minsport/>
85,"Франция начала процесс закупки американских дронов-камикадзе Switchblade Французские военные получат американские беспилотники Switchblade. Армия страны начала процесс закупки разработанных компанией AeroVironment дронов-камикадзе,   Defense News. Начальник отдела планирования французской армии полковник Арно Гужон сообщил, что военные планируют получить новые беспилотники в течение шести месяцев. По его словам, армия ищет оружие, которое будет отличаться от мин и артиллерийских снарядов. В Министерстве вооруженных сил Франции добавили, что страна подает запрос на продажу Switchblade. Также в ведомстве рассказали о подготовке к «длительной операции с дистанционно управляемыми боеприпасами», которая начнется в 2023 году рамках проектов Colibri и Larinae. Неназванные официальные лица сообщили изданию, что целью этих проектов является поиск решения для уничтожения бронетехники на расстоянии от 5 до 50 километров. Перспективное оружие могут показать в 2024 году. В мае в публикации 19FortyFive российский барражирующий дрон-камикадзе «Куб-БЛА»   аналогом беспилотника Switchblade. В том же месяце издание The Drive   о преимуществах беспилотников Switchblade 600 перед противотанковыми ракетными комплексами (ПТРК) Javelin. Оператор может прервать миссию Switchblade после запуска беспилотника.",lenta-ru,https://icdn.lenta.ru/images/2022/06/23/14/20220623143159775/owl_detail_240_8b7e73cc535234b32eb65b38419c7c5c.jpg,Наука и техника,2022-06-23 15:57:00,Франция захотела купить Switchblade,https://lenta.ru/news/2022/06/23/switchblade/>
133,"Аппарат Curiosity прислал с Марса фотографии русла высохшего ручья. Кадры были , ,.,Глинистые минералы образовались, когда озера и ручьи текли через кратер Гейла. Отложения скопились у подножья горы Шарп, высотой 5 километров.,«Мы больше не видим озерных отложений, которые годами наблюдали ниже по склону. Вместо этого мы видим признаки более сухого климата, дюн, вокруг которых иногда текли ручьи», – сказал Эшвин Васавада из Лаборатории реактивного движения.,Холмы в этом районе, вероятно, возникли из больших засушливых продуваемых ветром песчаных дюн, которые со временем затвердели и превратились в скалы. В эти бывшие дюны вкраплены другие отложения, которые выглядят как устойчивые к эрозии слоистые скалы.,По мере того, как марсоход поднимается выше по склону, он обнаруживает меньше глины и больше сульфатных пород. Вскоре Curiosity возьмет последний образец горной породы в зоне, что даст более детальное представление об истории изменения минерального состава скал.",gazeta-ru,https://img.gazeta.ru/files3/462/15029462/image_2022-06-23_15-16-01-pic_32ratio_900x600-900x600-58321.jpg,army,2022-06-23 15:58:52,Марсоход Curiosity сфотографировал слоистые скалы у древнего ручья ,https://www.gazeta.ru/army/news/2022/06/23/17992304.shtml>
151,"Президент России Владимир , в ходе саммита , заявил, что необходимо сообща отвечать на транснациональный характер вызовов и угроз, передает ,.,«Мы не раз говорили, что лишь сообща можно решать такие задачи, как урегулирование конфликтов, борьба с терроризмом, организованной преступностью, включая криминальное использование новых технологий, противодействие изменению климата, распространению опасных инфекций», — сказал глава государства.,Также президент отметил, что только честная и взаимовыгодная кооперация поможет найти выход из кризисной ситуации в мировой экономике, которая произошла «из-за непродуманных, эгоистичных действий отдельных государств».,Накануне в своем обращении к участникам делового форума БРИКС Путин ,, что страны Запада проводят безответственный макроэкономический курс, включая печатный станок и бесконтрольную эмиссию, что негативно сказывается на благополучии всех стран.,Ранее газета The New York Times ,, что антироссийские санкции, которые должны были задушить экономику России, не смогли привести к результату.",gazeta-ru,https://img.gazeta.ru/files3/682/15004682/upload-RIAN_8218515.HR-pic_32ratio_900x600-900x600-74373.jpg,politics,2022-06-23 15:59:30,Путин заявил о необходимости совместного ответа на транснациональные вызовы и угрозы ,https://www.gazeta.ru/politics/news/2022/06/23/17992238.shtml>
152,"Каспийский трубопроводный консорциум (КТК) выплатит штраф на сумму около 5,3 млрд руб. за разлив нефти, произошедший минувшим летом в Черном море, передает , со ссылкой на компанию.,«Каспийский трубопроводный консорциум, являясь законопослушной компанией, исполнит решение суда и осуществит оплату штрафа в установленные законом сроки. В дальнейшем КТК планирует отстаивать свою позицию по предмету арбитража в правовом поле», — отметили в КТК.,Пятнадцатый арбитражный апелляционный суд оставил без изменений решение нижестоящей инстанции о взыскании штрафа по иску Черноморско-Азовского управления ,.,Ранее стало известно, что прием нефти от грузоотправителей Казахстана по трубопроводной системе Каспийского трубопроводного консорциума ,.,В конце апреля ,, что Каспийский трубопроводный консорциум возобновил работу третьего выносного причального устройства (ВПУ-3) на морском терминале под Новороссийском после ремонтных работ, которые длились месяц. Тогда ВПУ-2 оставалось закрытым после полученных повреждений, ВПУ-1 работало штатно.",gazeta-ru,https://img.gazeta.ru/files3/669/13318669/IMG_20201014_015908_067-pic905-895x505-12030.jpg,social,2022-06-23 15:59:52,"КТК заявил о готовности выплатить штраф в 5,3 млрд рублей за разлив нефти в Черном море ",https://www.gazeta.ru/social/news/2022/06/23/17992190.shtml>
4,"В Конгресс США внесли законопроект о переобучении летчиков ВСУ на самолетах НАТО Член палаты представителей   от штата Иллинойс  республиканец   предложил переобучить летчиков Вооруженных сил Украины (ВСУ) для работы на самолетах альянса  . Данную инициативу конгрессмен внес в виде законопроекта в американский законодательный орган. Об этом он написал в личном  -аккаунте. «Это — пилоты Военно-воздушных сил Украины. Многие думали, что они выйдут из боя в первый же день... но они все еще сражаются. Я внес законопроект о переобучении их пилотированию на самолетах НАТО, чтобы они могли перейти на F-16 (многоцелевой истребитель американского производства — примечание ""Ленты.ру"")», — говорится в сообщении Кинзингера, к которому прикреплена фотография двух пилотов ВСУ. В мае Кинзингер   на рассмотрение в Конгресс проект резолюции о привлечении американских военных на Украину в случае, если Россия применит «химическое, биологическое или ядерное оружие в отношении Украины».",lenta-ru,https://icdn.lenta.ru/images/2022/06/23/15/20220623154923825/owl_detail_240_b360de364a0d1d0b899febe657e14e7a.jpg,Мир,2022-06-23 16:00:00,В Конгрессе США предложили переобучить летчиков ВСУ для работы на самолетах НАТО,https://lenta.ru/news/2022/06/23/us_jets_with_ukropilots/>
153,"Кроссовер Haval Jolion стал самым популярным китайским автомобилем в России в 2022 году. С января по май в РФ было реализовано 4,9 тыс. экземпляров этой модели, , аналитическое агентство «Автостат».,В тройку по объемам реализации вошли Chery Tiggo 7 (4,3 тыс. шт.) и Tiggo 8 (3,3 тыс. шт). Следом идут Haval F7, Chery Tiggo 4, Geely Coolray и Haval F7x, которые показали результат более 2 тыс. проданных экземпляров.,Десятку самых популярных авто из КНР замкнули Geely Atlas Pro, Geely Tugella и Exeed TXL (от 1,2 тыс. до 1,9 тыс. шт. с начала года). Отмечается, что сейчас на рынке новых легковых автомобилей в России предлагается около 50 моделей китайского происхождения.,Ранее , , о начале переговоров со странами , (Бразилия, Россия, Индия, Китай, ЮАР) по увеличению доли китайских автомобилей на российском рынке.",gazeta-ru,https://img.gazeta.ru/files3/238/14734238/haval-pic_32ratio_900x600-900x600-51014.jpg,auto,2022-06-23 16:01:36,«Автостат» назвал самые популярные у россиян машины из КНР ,https://www.gazeta.ru/auto/news/2022/06/23/17992280.shtml>
292,"  Российские власти проинформировали посла Франции в Москве о том, что сотрудник французского посольства должен покинуть страну, Париж сожалеет об этом решении, заявил представитель МИД Франции. ""Российские власти проинформировали нашего посла в   в прошлую пятницу, что присутствие одного из сотрудников посольства на их территории является нежелательным. Законных оснований предоставлено не было. Мы сожалеем об этом неоправданном решении"", - сказал представитель французского внешнеполитического ведомства на брифинге в четверг. Ранее France Info со ссылкой на дипломатический источник сообщил, что МИД   принял решение о высылке из страны советника по культуре посольства   в Москве Фабриса Руссо, он должен покинуть РФ до 17 июля.",ria-ru,https://cdnn21.img.ria.ru/images/07e5/03/18/1602699654_0:160:3072:1888_1920x0_80_0_0_2bbf6b9a3a310d6f99f5c599f2d8aa1b.jpg,"В мире,Франция,Россия,МИД Франции‎,Министерство иностранных дел Российской Федерации (МИД РФ)",2022-06-23 16:02:00,Россия вышлет сотрудника посольства Франции,https://ria.ru/20220623/frantsiya-1797607110.html
154,"Компания Wargaming, разработчик игр World of Tanks и World of Warplanes, объявила о решении отключить свой сервер, который позволял играть онлайн игрокам из России и стран СНГ. Об этом сообщается на , проекта.,Отмечается, что будет остановлен СНГ сервер World of Warplanes. «Мы запланировали это отключение через 180 дней, а именно на 13 декабря 2022 года», — пояснили в компании.,Также для игроков этого сервера будут отключены покупки в премиум-магазине World of Warplanes и в Steam. При этом до 13 декабря игрокам разрешено продолжать играть в World of Warplanes без дополнительных ограничений.,В Wargaming уточнили, что игроки возможно смогут перенести свой аккаунт World of Warplanes с сервера СНГ на европейский сервер. Команда разработчиков пообещала позже раскрыть подробности этого перехода.,В апреле Wargaming , «Газете.Ru» об уходе из России и Белоруссии. Разработчик отметил, что больше не будет владеть или управлять бизнесом в этих двух странах. С 31 марта игровой бизнес в России и Белоруссии был передан под управление Lesta Studio, более не связанной с Wargaming.,Wargaming — белорусская компания, основанная в 1998 году, издатель и разработчик компьютерных игр.",gazeta-ru,https://img.gazeta.ru/files3/657/8147657/tanki-pic905-895x505-97144.jpg,tech,2022-06-23 16:02:14,Сервер разработчика World of Tanks решили отключить для россиян ,https://www.gazeta.ru/tech/news/2022/06/23/17992124.shtml>
155,"МИД Украины сообщил, что россияне смогут оформить визы для въезда страну через через центры VFS Global в восьми городах России, передает ,.,«Учитывая прекращение деятельности украинских посольств и консульств на территории РФ, российские граждане в России могут обращаться в визовые центры внешнего поставщика услуг (компания VFS Global)», — заявили в ведомстве.,Заявления будут приниматься в Москве, Петербурге, Екатеринбурге, Калининграде, Казани, Новосибирске, Ростове-на-Дону и Самаре.,Граждане РФ, находящиеся в третьих странах, смогут обратиться в местные дипломатические представительства Украины.,При этом наличие визы не будет являться гарантией въезда в страну, окончательное решение о пропуске россиян будет приниматься сотрудниками украинской пограничной службы.,17 июня президент Украины Владимир Зеленский ,, что Киев намерен ввести визовый режим для россиян с 1 июля. Он объяснил эту меру «беспрецедентными угрозами национальной безопасности, суверенитету и территориальной целостности» Украины. До этого россиянам для поездки на Украину и пребывания в ней на протяжении 90 дней виза не требовалась.,Позже министр , Олег Немчинов ,, что , представят предложения по выбору страны, которая будет представлять интересы Украины в России для решения визовых вопросов.",gazeta-ru,https://img.gazeta.ru/files3/789/14569789/Depositphotos_492598574_XL-pic_32ratio_900x600-900x600-59023.jpg,social,2022-06-23 16:03:08,"МИД Украины рассказал, где россияне смогут оформить визы для въезда в страну ",https://www.gazeta.ru/social/news/2022/06/23/17992274.shtml>
156,"Бывший главный тренер московского «Локомотива» Юрий , заявил, что российский футбол не останется без легионеров, передает ,.,«Иностранцы в нашем чемпионате точно останутся, все не уедут. Многим здесь комфортно жить, нравятся условия для работы. Кто-то уедет, но это не скажется на качестве футбола», — сказал Семин.,Напомним, что Международная федерация футбола (ФИФА) разрешила выступающим в Российской премьер-лиге (РПЛ) легионерам приостанавливать контракты до 30 июня 2023 года.,Ранее нигерийский полузащитник московского «Спартака» , , в расположение клуба в назначенный день.,Хавбек перешел в «Спартак» осенью 2020 года. За это время он провел за команду 53 матча, в которых отметился семью голами и девятью результативными передачами.,По итогам сезона-2021/22 красно-белые заняли десятое место в РПЛ и завоевали Кубок страны.",gazeta-ru,https://img.gazeta.ru/files3/499/13083499/upload-RIAN_664990.HR-pic905-895x505-12495.jpg,sport,2022-06-23 16:03:50,"Семин заявил, что российский футбол не останется без легионеров ",https://www.gazeta.ru/sport/news/2022/06/23/17992328.shtml>
5,"Премьер Грузии заявил, что Тбилиси больше заслуживал статус кандидата в ЕС, чем Украина Грузия проделала на пути в   (ЕС) больший путь по сравнению с Украиной и Молдавией, она больше заслуживала статус кандидата на интеграцию. Об этом заявил премьер-министр республики  , пишет  . Политик объяснил решение   (ЕК), которая не согласилась наделить   соответствующим статусом, мировой конъюнктурой. Он подчеркнул, что не завидует успеху украинцев и молдаван, но и не считает позицию   справедливой. «Если кто-то из этих трех стран и заслуживал, то это были мы. (...) Во всем мире развиваются очень сложные процессы. Мы это должны принять спокойно и продолжать развитие, усиление нашей страны», — сказал Гарибашвили. Речь идет о решении ЕК, принятом 17 июня, когда комиссия согласилась рекомендовать соответствующий статус Украине и Молдавии. Грузия, которая более десяти лет претендует на этот статус, получить его не смогла. Гарибашвили неоднократно   это решение несправедливым. Ранее председатель правящей партии республики «Грузинская мечта»     решение Еврокомиссии «географическим фактором». Он указал, что Тбилиси обидно из-за позиции Брюсселя, но власти «понимают его».",lenta-ru,https://icdn.lenta.ru/images/2022/06/23/15/20220623155227169/owl_detail_240_b0a47483de2678b0ada37848f2e8945b.jpg,Бывший СССР,2022-06-23 16:04:00,Грузия заявила о больших заслугах на пути в ЕС по сравнению с Украиной,https://lenta.ru/news/2022/06/23/eu_georgia/>
139,"Анастасия Решетова, Кристина Орбакайте, Ким Кардашьян, Рената Литвинова в Balenciaga,Меган Фокс и Полина Гагарина в David Koma,29 мая Полина Гагарина пришла на премию RU.TV в платье David Koma, в котором двумя неделями раньше Меган Фокс была на Billboard Music Awards. «На этом примере можно посмотреть, как один и тот же наряд сидит на разных типах фигуры. У Меган более активная грудь в сравнении с Полиной, более округлые формы», — прокомментировала Лена Червова.,Стилист убеждена, что образы производят разный эффект, в том числе и потому, что каждая обыгрывает платье по-своему. Фокс добивается драматизма за счет челки и графичных стрелок, а Гагарина не изменяет своему привычному образу — легкая волна на волосах и нюдовый макияж.,Ким Кардашьян и Полина Гагарина в Balenciaga,В модной «краже» Полина Гагарина была поймана не единожды. На премии GQ певица повторила нашумевший образ Ким Кардашьян от Balenciaga. По словам Лены Червовой, Гагарина выглядела в нем пусть не лучше Кардашьян, но гораздо эффектнее ,, Ренаты Литвиновой и Анастасии Решетовой.,«На данный момент Ким Кардашьян — всемирная икона стиля, за которой повторяют многие, в том числе россиянки. Этот наряд появился на ней первым, она смотрится в нем органичнее остальных. У отечественных звезд нет таких округлых бедер, поэтому драпировка не струится так хорошо, как на Ким. Из наших, как мне кажется, наряд выглядит лучше всего на Полине Гагариной. И мне совсем не нравится, как он сидит на ,», — сказала стилист.,Рената Литвинова и Белла Хадид в Schiaparelli,Второй год подряд Белла Хадид становится самой обсуждаемой звездой Каннского кинофестиваля. Но если в этом году супермодель удивляла винтажными образами от Versace, Gucci и ,, то в прошлом — оголяющем грудь платьем Schiaparelli с золотыми бронхами. Надеть такое же осмелилась Рената Литвинова.,— поделилась своим мнением Лена Червова.,Меган Фокс и Наталья Чистякова-Ионова в Mugler,Не только Полина Гагарина вдохновляется образами Меган Фокс, но и Глюк'oZa. Российская певица посетила вечеринку перед премией «ЖАРА Music Awards» в «голом» платье Mugler, которое за два дня до нее на Billboard Music Awards «выгуляла» американская актриса.,«Меган Фокс сама по себе очень сексуальная женщина и выбирает соответствующие наряды. В каждом из них чувствуется ее отдача. В этом платье она выглядит максимально органично. Видно, что ей в нем комфортно, она чувствует себя уверенно и не стесняется. Фигура смотрится удачно, подчеркнуты все необходимые части тела. Глядя на Глюк'oZу, чувствуется, что она будто надела «мамино платье», потому что оно не по ее формам. Ей будто некомфортно в нем. Несмотря на то, что по фигуре оно более или менее нормально село, это совершенно не ее история», — объяснила она.,Кортни Кардашьян, Вера Брежнева, Даутцен Крус и Ким Кардашьян в Versace,Вера Брежнева вышла на красную дорожку Каннского кинофестиваля в 2018 году в платье Versace, которое в 2017-м на подиуме представила нидерландская супермодель Даутцен Крез. Впоследствии его поочередно примерили сестры Ким и Кортни Кардашьян.,«Универсальное маленькое черное платье, которое смотрится удачно практически на любой фигуре и при разных случаях. Особенно мне нравится, как смотрится на Ким. Видно, что платье подогнано под нее. Органично выглядит и на Вере Брежневой. Но мне совершенно не нравится, как платье смотрится на Кортни Кардашьян. Я бы не рекомендовала ей с такой фигурой носить платье-футляр. Если Вера Брежнева «вытянула» образ яркими аксессуарами и помадой, а Ким Кардашьян — фигурой и формами, то у Кортни — полный провал», — пояснила Лена Червова.,Кейт Бланшетт и Ксения Собчак в Alexander McQueen,Ксения Собчак, как утверждает эксперт, прогадала, надев на премию GQ в 2021 году жакет Alexander McQueen, в котором Кейт Бланшетт ходила по кинопремьерам еще в 2019-м.,«На Кейт Бланшетт наряд сидит гораздо лучше. Дело в том, что массивные рукава Buffalo визуально расширяют плечи. И если от природы они уже широкие, то выбирать такой жакет не стоит. У Кейт Бланшетт фигура более хрупкая, и рукава будто стоят не в ширину, а вверх. За счет этого нет визуального эффекта массивности и лишнего груза. У Ксении Собчак сильно хочется отпарить жакет, потому что он не только расширяет плечи, но и неаккуратно сидит», — высказалась она.,Бейонсе и Ирина Шейк в Mugler,Кому, по мнению Лены Червовой, удалось грамотно вдохновиться, а не украсть, так это ,. На выставке, посвященной Тьерри Мюглеру, супермодель появилась в винтажном платье итальянского модного Дома. Дженнифер Лопес носила его в 1990-х, а Бейонсе снялась в нем в клипе на песню Diva в 2009-м.,— отметила стилист.,Почему же российские звезды стали все чаще надевать платья, которые до них уже носили за рубежом? Стилист полагает, что наши знаменитости видят в западных примеры для подражания. Но дело все же не только в этом.,«Все дело во вдохновении. Естественно, на Западе есть какие-то иконы стиля, вдохновиться, которыми намного проще и результативнее, чем взять и придумать что-то новое. Именно поэтому часто образы пересекаются. Для кого-то выход западной звезды — пример, который хочется повторить. Еще одна причина — дизайнер создает наряд не в одном экземпляре, а нескольких, соответственно, его носит не одна звезда. Люксовые бренды распространены не только в США и Европе, но и в России, поэтому шанс, что наряды пересекутся сильно высок», — заключила Лена Червова.",gazeta-ru,https://img.gazeta.ru/files3/736/15025736/upload-6-pic_32ratio_900x600-900x600-49270.jpg,style,2022-06-23 16:05:32,«Полина Гагарина теряется в платье Меган Фокс»: стилист — о повторяющихся нарядах звезд ,https://www.gazeta.ru/style/2022/06/23/15025052.shtml>
105,"ТАСС: военные ЛНР ожидают сдачи в плен бойцов «Айдара» с «Азота» вечером 23 июня Военные Луганской народной республики (ЛНР) назвали возможное время массовой сдачи в плен бойцов украинского батальона «Айдар» с комбината «Азот» в Северодонецке. Они предполагают, что это может произойти ближе к вечеру 23 июня. Такой информацией с   поделился источник, близкий к Народной милиции (НМ) республики. «Ожидаем сдачу в плен айдаровцев с завода ""Азот"". Скорее всего, к вечеру это может случиться», — уточнил собеседник агентства. 20 июня подполковник НМ ЛНР    , что на «Азоте» находятся до тысячи мирных жителей. Он также отметил, что обороняющие завод отдельные подразделения Вооруженных сил Украины (ВСУ) начали поднимать белые флаги и выходить с предложениями о переговорах. По его словам, положение у окруженных украинских военных плачевное. «Буквально земля горит под ногами», — подчеркнул Марочко. Ранее  , что один из командиров «Айдара» попал в плен при взятии   в пригороде Северодонецка. Вместе с ним сдались еще несколько украинских военных. Как рассказал источник в силовых структурах, двое пленных украинских силовиков были отправлены в   из соседнего с Северодонецком города Рубежное.",lenta-ru,https://icdn.lenta.ru/images/2022/06/23/16/20220623160907293/owl_detail_240_7952091100da8b8ed526440a19e675af.jpg,Бывший СССР,2022-06-23 16:07:00,В ЛНР назвали предполагаемое время сдачи в плен бойцов «Айдара» с завода «Азот»,https://lenta.ru/news/2022/06/23/azotttt/>
9,"МИД Франции: власти России потребовали высылки сотрудника посольства республики из Москвы  уведомила Париж, что неназванный сотрудник французского посольства должен покинуть страну. Об этом пишет   со ссылкой на заявление МИД Франции. Агентство отмечает, что речь идет о культурном атташе при посольстве, но не уточняет, о ком именно: во французской дипмиссии действуют культурные атташе в сфере кино, книг, визуальной культуры и так далее. В ведомстве рассказали, что об этом уведомили французского посла в Москве  . «Мы сожалеем об этом несправедливом решении», — заявил он журналистам. На сайте   соответствующей информации пока не опубликовано. Еще в середине мая МИД России объявил персонами нон грата 34 французских дипломата. Их обязали покинуть российскую территорию в течение двух недель после того, как на такой шаг пошли в Париже. 4 апреля Министерство иностранных дел Франции сообщило, что власти страны решили выслать 41 сотрудника посольства России в столице. Причиной стали сообщения о массовой гибели людей в украинской Буче, в причастности к чему обвинили Россию.",lenta-ru,https://icdn.lenta.ru/images/2022/06/23/16/20220623161541378/owl_detail_240_44ebe425a0d02684a584670acd8ad441.jpg,Мир,2022-06-23 16:11:00,Франция заявила о высылке своего дипломата из Москвы,https://lenta.ru/news/2022/06/23/informed/>
272,"  Бывший спичрайтер экс-президента США Джорджа Буша-младшего Дэвид Фрум нарвался на критику после заданного в   вопроса о том, почему Калининград принадлежит России. ""Почему   до сих пор российская территория?"" — написал репортер в годовщину начала Великой отечественной войны. Пользователи соцсети напомнили Фруму о причинах владения   этой территорией. ""Советы потребовали его после Второй мировой — и получили"", — написал Phil Notabot. Он пояснил, что благодаря региону   получил порт на Балтике, а   — границу с  . ""Никто не захотел переписывать послевоенный порядок"", — считает Matthew  . ""Удивительно, правда? Ведь Красная Армия пролила столько крови, завоевывая Кенигсберг/Пруссию в 1945 году"", — прокомментировал Deronaucoin. Call For Action напомнил журналисту, что   владеют островом  , а XLProfessor заявил, что   входит в состав России на том же основании, на котором Штаты контролируют базу Гуантанамо на  . При этом юзер не увидел разницы между статусами территорий в составе двух государств и причинами их присоединения. ""Потому что кое-кто кое о чем договорился в Ялте и Потсдаме"", — добавил PgR. Bradford, в свою очередь, назвал Калининград военным трофеем Советского союза. Некоторые пользователи прямо или косвенно припомнили Фруму особенности американской внешней политики. ""В яблочко, Дэвид. Там должна быть крупная военная база США"", — пошутил Jack of Shadows. ""Ребята, это кино мы уже видели. Не надо продолжения"", — написал Joseph Sales. ""А почему ты до сих пор на свободе?"" — спросил Owen Ford. ChrisO обратил внимание репортера на то, что США владеют землями индейцев. Современная   расположена на территории бывшей немецкой провинции Восточной Пруссии. В 1945 году здесь проходили бои Восточно-Прусской операции советских войск. После окончания Второй мировой войны по решению Потсдамской конференции часть Восточной Пруссии (примерно треть) отошла  , остальная территория - Польше.",ria-ru,https://cdnn21.img.ria.ru/images/07e4/0a/0d/1579624267_0:0:2826:1591_1920x0_80_0_0_e6fa8fb849905cb376d9953ae862774b.jpg,"В мире,США,Россия,Калининград",2022-06-23 16:12:00,"В Сети резко осадили американца за вопрос, почему Калининград российский",https://ria.ru/20220623/kaliningrad-1797610532.html
6,"В группе «ЛизаАлерт» во «ВКонтакте» появился чат-бот для поиска людей и добровольцев Социальная сеть «ВКонтакте» совместно с телефонным   и отрядом «ЛизаАлерт» запустили чат-бота для поиска пропавших людей. Об этом стало известно из   соцсети. Чат-бот появится в официальном   поискового отряда во «ВКонтакте». Чтобы запустить бот, нужно написать ему слово «Привет». Робот может посоветовать, что делать при пропаже человека и как себя вести в экстренных ситуациях подобного рода. Помимо этого, в чат-бот могут писать желающие вступить добровольцами в отряд. «ЛизаАлерт» работает в разных регионах России. По данным соцсети, чат-бот позволит снизить нагрузку на горячую линию отряда. «Для нас жизненно важно постоянно развиваться, участвовать в системных партнерствах, привлекать опыт крупного бизнеса и возможности современных технологий», — заявил председатель «ЛизаАлерт»  . Ранее соцсеть «ВКонтакте»   новое мобильное приложение для безлимитных видеоконференций. Приложение, доступное для смартфонов на системах iOS и Android, представила платформа «VK Звонки». Для компьютеров новая функция доступна в отдельной веб-версии. Более того, подключиться к звонку можно без аккаунта в соцсети.",lenta-ru,https://icdn.lenta.ru/images/2022/06/23/15/20220623152239426/owl_detail_240_1a80cd027299e90b303a681d44fe47de.jpg,Интернет и СМИ,2022-06-23 16:12:00,Во «ВКонтакте» появился чат-бот для поиска людей,https://lenta.ru/news/2022/06/23/vkkkk/>
157,"Турецкий хавбек , выступил с обращением после ухода из московского ЦСКА, передает официальный , армейцев.,«Я всегда буду вспоминать это время с теплотой. Хочу поблагодарить наших болельщиков, тренерский штаб партнеров по команде, персонал. Вашу поддержку я ощущал на протяжении шести месяцев», — сказал Языджи.,Турецкий полузащитник установил рекорд Российской премьер-лиги (РПЛ) по количеству матчей, в которых новичку удалось отличиться голами. Серия Языджи остановилась на шести матчах. За эти шесть игр он отличился восемь раз, три из которых с пенальти. Всего футболист провел за ЦСКА десять матчей в РПЛ.,Напомним, что Международная федерация футбола (ФИФА) разрешила выступающим в РПЛ легионерам приостанавливать контракты до 30 июня 2023 года.,Ранее нигерийский полузащитник московского «Спартака» , , в расположение клуба в назначенный день.",gazeta-ru,https://img.gazeta.ru/files3/412/14812412/RIAN_8133382.HR-pic_32ratio_900x600-900x600-67057.jpg,sport,2022-06-23 16:12:12,Турецкий хавбек Языджи о ЦСКА: вы всегда будете в моем сердце ,https://www.gazeta.ru/sport/news/2022/06/23/17992394.shtml>
158,"В США задержали 21-летнего местного жителя по подозрению в убийстве супруги. Об этом сообщает портал ,.,По данным полиции, мужчина разозлился на жену из-за того, что она сожгла его паспорт. Женщина слушала любимую музыку в ванной, к ней зашел супруг и перерезал ей горло. Затем он 10 минут держал жертву за руку, пока она не скончалась.,Известно о преступлении стало после того, как в полицию позвонил начальник злоумышленника и рассказал, что в беседе с ним он признался в убийстве жены.,На месте происшествия сотрудники правоохранительных органов обнаружили пятна крови, моющие средства, защитные очки и перчатки.,Мужчину арестовали и предъявили ему обвинение в преднамеренном убийстве первой степени. Также известно, что в январе 2022 года злоумышленника задерживали за домашнее насилие.,Ранее ,, что житель Московской области до смерти избил жену-адвоката.",gazeta-ru,https://img.gazeta.ru/files3/834/15029834/2022-06-23-16.06-pic_32ratio_900x600-900x600-84433.jpg,social,2022-06-23 16:12:16,Американец убил жену под ее любимую музыку из-за сожженного паспорта ,https://www.gazeta.ru/social/news/2022/06/23/17992442.shtml>
10,"В Москве суд заочно арестовал украинского военного Бурковского за запрещенные методы войны Савеловский суд   санкционировал избрание меры пресечения украинскому военному Сергею Бурковскому, обвиняемому   в применении запрещенных методов ведения войны. Об этом   сообщили в пресс-службе суда. По ходатайству следствия вынесено постановление о заочном аресте офицера сроком на два месяца. Он будет взят под стражу в случае задержания, экстрадиции или депортации на территорию России. Бурковскому инкриминируют статью 336 Уголовного кодекса (УК) РФ («Применение запрещенных средств и методов ведения войны») с наказанием в виде лишения свободы от 10 до 20 лет. 24 февраля   объявил о специальной операции в Донбассе. Таким образом, по его словам, Россия отреагировала на просьбы о военной помощи глав Донецкой и Луганской народных республик (ДНР и ЛНР).",lenta-ru,https://icdn.lenta.ru/images/2022/06/23/16/20220623160347894/owl_detail_240_334de4d65c5b4af8344028e4c3bef789.jpg,Силовые структуры,2022-06-23 16:13:00,В Москве санкционировали заочный арест украинского военного,https://lenta.ru/news/2022/06/23/burkovskiy/>
11,"ЦБ признал отсутствие выгоды для покупателей от ограничения комиссии для магазинов Первая замглавы Центробанка Ольша Скоробогатова в интервью   признала неэффективными введенные государством ограничения на размер комиссии за эквайринг, которую магазины платят обслуживающим их банкам. Ранее ЦБ до конца лета ограничил размер комиссии уровнем в один процент за эквайринг при оплате некоторых категорий товаров и услуг. Ожидалось, что это позволит торговым точкам снизить цены на величину экономии. По словам Скоробогатовой, такая мера не дала ожидавшегося эффекта: «Мы второй раз вводим такие ограничения, первый был во время пандемии. Оба раза показали, что к этому нужно прибегать только в крайних случаях. Временно такие вещи можно делать, но точно не постоянно». ЦБ не планирует продлевать срок действия льготных комиссий после 31 августа, отметила Скоробогатова. Также она рассказала, что в России эквайринг развивался по отличной от западной модели: если в Европе платежную инфраструктуру создавали торговые точки, в России этим занимались банки. «Две абсолютно разные модели. Российские банки уже понесли и несут большие затраты, делая работающие программы лояльности с кэшбеками и так далее. Благодаря этому люди получают реальную выгоду. Что мы увидели после наших последних ограничений? Многие банки свернули программы лояльности, отменили кэшбеки. В результате пострадал именно потребитель. Мы точно не хотим, чтобы условия или финансовые сервисы для наших граждан ухудшались», — заключила Скоробогатова, добавив, что ограничение комиссии не привело к снижению цен магазинами.",lenta-ru,https://icdn.lenta.ru/images/2022/06/23/16/20220623161329915/owl_detail_240_ca03b7c86916bc3aafd50794f405ac80.jpeg,Экономика,2022-06-23 16:14:00,ЦБ признал неэффективными ограничения банковской комиссии для магазинов,https://lenta.ru/news/2022/06/23/no2/>
159,"Актера Павла Прилучного заподозрили в совместной жизни с новой возлюбленной Зепюр Брутян. Об этом сообщает ,.,Зепюр Брутян опубликовала в социальных сетях селфи с Павлом Прилучным, сделанное в зеркало лифта. На снимке актриса, одетая в кожаный топ и брюки, прислонилась к груди звезды сериала «Мажор», а он обнял ее за талию.,Журналисты 7дней.ru предположили, что актеры сфотографировались по возвращении домой из фитнес-клуба.,Первые слухи о романе Павла Прилучного и Зепюр Брутян появились в мае, после того, как звезда сериала «Мажор»поделился с подписчиками в личном блоге фотографией с ней, сделанную на борту самолета. Актеры отправилась в совместный отдых, а впоследствии к ним присоединились дети актера от первого брака с ,, 8-летний Тимофей и 6-летняя Мия. Вскоре пару заподозрили в тайной росписи, а теперь и в сожительстве.,Ранее «Газета.Ru» , о том, что Муцениеце появилась на публике на фоне слухов о новом романе Прилучного.",gazeta-ru,https://img.gazeta.ru/files3/816/15029816/IMG_1595-pic_32ratio_900x600-900x600-45413.jpg,style,2022-06-23 16:14:12,Прилучного заподозрили в сожительстве с новой девушкой ,https://www.gazeta.ru/style/news/2022/06/23/17992316.shtml>
98,"СПЧ сообщил, что его сайт подвергся мощным DDoS-атакам и функционирует с перебоями Сайт   (СПЧ) атаковали хакеры. Об этом сообщил СПЧ в своем  -канале. «Сайт СПЧ вновь подвергся мощным DDoS-атакам и со вчерашнего дня функционирует с перебоями», — заявили представители Совета и добавили, что в настоящий момент специалисты работают над устранением этой проблемы. Они добавили, что хакеры атакуют официальный сайт СПЧ с начала спецоперации на Украине. «Атаки на ресурс правозащитников — лишнее подтверждение того, что правда не нужна», — подчеркнули в Совете. Ранее 23 июня  , что массовым атакам подвергся портал «Госуслуг». В Минцифры   в мощных DDoS-атаках на ресурс Украину. Также представители ведомства заверили, что данные пользователей «Госуслуг» защищены.",lenta-ru,https://icdn.lenta.ru/images/2022/06/23/16/20220623161938202/owl_detail_240_c2de28f00baa3b0ae58728b772e0d61c.jpg,Интернет и СМИ,2022-06-23 16:15:00,Сайт СПЧ атаковали хакеры,https://lenta.ru/news/2022/06/23/ddos/>
99,"В Швейцарии сообщили, что не покупали золото у России в мае Швейцарская Ассоциация производителей и торговцев драгоценными металлами (ASFCMP) сообщила на своем  , что непричастна к импорту золота из России в мае. Организация опросила все состоящие в ней организации и утверждает, что ни один из крупных производителей не принимал ввезенное золото. ASFCMP заявила, что «сомнительному» золоту нет места в Швейцарии, она ожидает от своих членов отказа от покупки драгметалла. ASFCMP включает 14 членов, среди которых все крупнейшие обрабатывающие компании. Поскольку все открестились от российского золота, остается загадкой, кто же его купил. В июне Bloomberg  , что Швейцария импортировала золото из России впервые после начала специальной военной операции на Украине. Речь идет о трех тоннах. Между тем Евросоюз   усилить давление на Россию с дальнейшими санкциями и уже начал искать новую мишень. Под ограничения могут попасть продажи золота.",lenta-ru,https://icdn.lenta.ru/images/2022/06/23/15/20220623152337494/owl_detail_240_8914c3c59d6abb1828282ea5c1224d54.jpeg,Экономика,2022-06-23 16:18:00,Швейцария открестилась от российского золота,https://lenta.ru/news/2022/06/23/nenashe/>
160,"Международные резервы России сократились за неделю на 2,1%, до $582,3 млрд, сообщает ,.,«Международные резервы по состоянию на 17 июня составили 582,3 млрд долларов США, сократившись за неделю на 12,3 млрд долларов США, или на 2,1%, в результате отрицательной переоценки», — говорится в сообщении.,С 3 по 10 июня международные резервы , на 0,6% и составили $594,6 млрд.,В середине июня , , возможность дальнейшего снижения ключевой ставки в случае, если ситуация в экономике страны будет складываться благоприятно.,Выступая на пленарном заседании Петербургского международного экономического форума (ПМЭФ), президент России , ,, что мировые страны неизбежно начнут конвертировать свои валютные резервы в сырье, энергоносители и продовольствие, что еще больше подстегнет мировую долларовую инфляцию.",gazeta-ru,https://img.gazeta.ru/files3/286/14908286/RIAN_3121903.HR-pic_32ratio_900x600-900x600-40837.jpg,business,2022-06-23 16:18:14,"Международные резервы России за неделю сократились на 2,1% ",https://www.gazeta.ru/business/news/2022/06/23/17992436.shtml>
100,"Художники из Швейцарии создали инсталляцию в виде гостиничного номера без стен и дверей Художники из Швейцарии Фрэнк и Патрик Риклин (Frank and Patrik Riklin) создали инсталляцию в виде гостиничного номера без стен и дверей — туристам предлагается переночевать в нем за 275 фунтов стерлингов (около 20 тысяч рублей). Об этом пишет  . Арт-инсталляция The Zero Star («Ноль звезд» —  ) находится рядом с заправкой в муниципалитете Сайон. Импровизированный номер представляет собой деревянную платформу, на которой расположены двуспальная кровать, прикроватные тумбочки и сейф. При этом потолка, дверей и стен в «номере» нет. По словам художников, таким образом они хотели привлечь внимание общества к глобальным мировым проблемам: войнам, изменению климата и социальному неравенству. Номер без стен можно забронировать в период с 1 июля по 18 сентября. Отмечается, что братья Рилкин делали подобные инсталляции в других местах европейской страны: посреди поля, на вершине холма и в горах. Ранее ', "" результаты международной премии Travellers' Choice 2022 — лучшим отелем мира был признан Tulemar Bungalows & Villas, который расположен в Коста-Рике. Гостиница находится в джунглях на склоне холма с видом на Тихий океан. Помимо локации отеля, путешественников в нем привлекает уровень сервиса, чистота и природные виды.""]",lenta-ru,https://icdn.lenta.ru/images/2022/06/23/15/20220623153221912/owl_detail_240_409ce2a6c8ff115d084fd3683e282fef.jpg,Путешествия,2022-06-23 16:19:00,В Европе туристам предложили переночевать в отеле без стен за 20 тысяч рублей,https://lenta.ru/news/2022/06/23/nowalls/>
266,"  Бойцы Народной милиции Луганской Народной республики проводят в четверг зачистку в селе Горское, откуда украинские войска несколько лет обстреливали ЛНР, передает корреспондент РИА Новости с места событий. Бойцы двигаются вдоль улиц и проверяют территорию села на наличие противника. Дорога на въезде в село сильно повреждена противотанковыми минами, а мост со стороны Тошковки подорван. Со стороны   слышны разрывы боеприпасов. Горское - населенный пункт, из которого, по сообщениям Совместного центра по контролю и координации режима прекращения огня, украинские боевики неоднократно обстреливали освобожденные союзными войсками города в  :  , Золотое-5,  . Посол ЛНР в     ранее сообщил, что Горское и Золотое, откуда 8 лет обстреливали республику, взяты в блокаду. После окружения украинских войск в Горском и Золотом Народная милиция ЛНР продолжает наступление на север, на южные районы Лисичанска, в котором находится группировка численностью 5-7 тысяч украинских военных.",ria-ru,https://cdnn21.img.ria.ru/images/07e6/06/09/1794225242_0:293:3110:2042_1920x0_80_0_0_b53f0b323aa36f2653519c156220b0e6.jpg,"Специальная военная операция на Украине,В мире,Луганская Народная Республика,Украина,Вооруженные силы Украины,Ситуация в ДНР и ЛНР",2022-06-23 16:20:00,Силы ЛНР начали зачистку от украинских войск в селе Горское,https://ria.ru/20220623/gorskoe-1797614423.html?rcmd_alg=slotter
101,"Актер Майкл Джей Фокс получит почетный «Оскар» за вклад в дело гуманизма Канадо-американский актер   получит почетную премию «Оскар» за вклад в дело гуманизма. Об этом  The Hollywood Reporter. «Неустанная пропаганда Майклом Дж. Фоксом исследований болезни Паркинсона наряду с его безграничным оптимизмом служит примером влияния одного человека на изменение будущего миллионов людей», — говорится в заявлении Американской академии кинематографических искусств и наук. Приз имени Джина Хершолта также получат композитор и поэтесса Дайан Уоррен, режиссеры Питер Вейр и Эзан Пальси. Ранее этой премии были удостоены актер  , певец Фрэнк Синатра, телеведущая Опра Уинфри, гендиректор DreamWorks Animation SKG   и актриса  . Майкл Джей Фокс получил широкую известность в 1985 году благодаря роли Марти Макфлая в фильме   «Назад в будущее». Позже актер снялся в двух сиквелах, вышедших в прокат в 1989 и 1990 годах. В 1991 году у Фокса была обнаружена болезнь Паркинсона. Актер публично объявил о своем диагнозе в 1998-м.",lenta-ru,https://icdn.lenta.ru/images/2022/06/23/14/20220623140038650/owl_detail_240_47a451f9fe962c3c9f4a8edea3364d26.jpg,Культура,2022-06-23 16:23:00,Майкл Джей Фокс получит почетный «Оскар»,https://lenta.ru/news/2022/06/23/jfox/>
264," Великобританию ждет ухудшение продовольственного кризиса после разрыва связей с Россией, а также из-за обострения ситуации на Украине. Об этом   опрошенные The Telegraph эксперты. Как отмечается в статье, в мае компании из Соединенного Королевства заплатили за товары первой необходимости на 10,3 процента больше, чем в 2021-м, а стоимость импортных продуктов питания выросла на рекордные за 14 лет 20,5 процента. По словам специалистов из инвестиционного банка Citi, цены на продовольствие в Британии поднимутся еще на 20 процентов в течение первых месяцев 2023 года. Такое подорожание произойдет в результате кульминации глобального дефицита предложения, считают аналитики. Инфляционная спираль не только бьет по благосостоянию жителей страны, но и оказывает давление на фермеров, сталкивающихся с увеличением затрат на топливо, корма, удобрения и рабочую силу. Национальное объединение промышленников Make UK уже забило тревогу и обратилось к правительству для принятия срочных мер по защите предприятий, пострадавших от роста расходов на сырье. Негативное влияние на британский продовольственный рынок оказывает ситуация на  , которая сократила экспорт подсолнечного масла. Торговцы зерном, в свою очередь, возлагают надежды на  , начавшую сбор урожая. По их мнению, это могло бы ослабить инфляционное давление. На фоне российской спецоперации по защите  , начавшейся 24 февраля, страны Запада ввели санкции против  . Многие из них объявили о заморозке российских активов, стали громче звучать призывы отказаться от энергоносителей. Все это уже обернулось экономическими проблемами для Соединенных Штатов,   и Евросоюза, спровоцировав резкий рост цен на нефть, газ и товары массового потребления.",ria-ru,https://cdnn21.img.ria.ru/images/155568/98/1555689899_0:105:2000:1230_1920x0_80_0_0_072d6ab93cc0e94b2398b0453a88eb3d.jpg,"Экономика,Россия,Великобритания,Украина",2022-06-23 16:23:00,В Британии готовятся к худшему после разрыва с Россией,https://ria.ru/20220623/britaniya-1797616138.html
102,"Путин заявил, что лидерство стран БРИКС востребовано в выработке многополярного мира На данный момент лидерство стран   востребовано для создания многополярного мира. На это указал президент России   на саммите БРИКС, передает  . «Сейчас как никогда востребовано лидерство стран БРИКС в выработке объединяющего позитивного курса на формирование по-настоящему многополярной системы межгосударственных отношений, основанной на общепризнанных нормах международного права и ключевых принципах устава  », — заявил глава государства. Путин уточнил, что в этом процессе можно также расчитывать на помощь ряда стран Африки, Азии, Латинской Америки, которые проводят независимую политику. Ранее российский лидер  , что на основе корзины валют стран БРИКС (Бразилии, России, Индии, Китая, ЮАР) может быть создана новая международная резервная валюта. По его словам, Россия предлагает другим государствам БРИКС подключиться к Системе передачи финансовых сообщений (СПФС) российского  .",lenta-ru,https://icdn.lenta.ru/images/2022/06/23/16/20220623162441563/owl_detail_240_23f5441753d434b38a9deb1ea23d95f5.jpg,Мир,2022-06-23 16:24:00,Путин указал на востребованность лидерства стран БРИКС,https://lenta.ru/news/2022/06/23/briks_lidership/>
103,"Каспийский трубопроводный консорциум выплатит 5,3 млрд рублей за разлив нефти в 2021 году Каспийский трубопроводный консорциум (КТК) выплатит 5,3 миллиарда рублей за разлив нефти в Черном море летом 2021 года, выполняя решение суда, пишет ТАСС со ссылкой на сообщение компании. «В дальнейшем КТК планирует отстаивать свою позицию по предмету арбитража в правовом поле», — уточнили в компании. Иск о возмещении ущерба подавал  , суд удовлетворил его 27 апреля. КТК хотела обжаловать решение о взыскании ущерба за инцидент, однако 23 июня арбитражный суд апелляционной инстанции в Ростове-на-Дону оставил его в силе. В компании указали, что просили вновь провести судебную экспертизу для определения массы нефти, оказавшейся в воде. КТК представила суду и свои варианты расчета объемов. Росприроднадзор утверждал, что объем разлива нефти составил 394 тонны, но в компании с оценкой не согласны. Разлив произошел на морском терминале КТК под   в августе 2021 года. Причиной   проблемы с оборудованием при погрузке греческого танкера Minerva Symphony.",lenta-ru,https://icdn.lenta.ru/images/2022/06/23/16/20220623162022768/owl_detail_240_6d267db602716e78c4b0efbd4565c455.jpg,Среда обитания,2022-06-23 16:24:00,За разлив нефти в Черном море выплатят миллиарды рублей,https://lenta.ru/news/2022/06/23/ktk/>
104,"Президент Украины Зеленский заявил об усталости украинцев от военных действий Президент Украины   заявил, что регионы страны, находящиеся в относительной безопасности, тоже устали от темы боевых действий. Главу государства цитирует  . «Люди забывают, и в других государствах есть усталость от войны, так же и на Украине те, кто не попадают под обстрелы, они забывают, что нужно делать», — сказал украинский лидер. Ранее премьер-министр Великобритании    , что несмотря на то, что люди во всем мире уже устали слушать новости и испытывать на себе последствия конфликта на Украине, эта тема является крайне важной. Британский лидер отметил, что Лондон совместно с другими государствами готов и дальше помогать украинцам. При этом, по его словам, Запад не должен навязывать какие-либо взгляды жителям страны, поскольку они должны сами решать, какие действия им стоит предпринимать в сложившейся ситуации.",lenta-ru,https://icdn.lenta.ru/images/2022/06/23/16/20220623161636810/owl_detail_240_fffec1211c346bad2cbb2edda72e0246.jpg,Бывший СССР,2022-06-23 16:24:00,Зеленский заявил об усталости от темы войны на Украине,https://lenta.ru/news/2022/06/23/tired/>
